id,eng_lemma,swe_lemma,status,pos,src,exist_in_english,exist_in_swedish,spell
ICT4,1 pulse per second,1 puls per sekund,bronze,N?,ICT,False,True,eng
ICT6,2g,2g,bronze,N?,ICT,False,False,both
ICT8,3d- design,3d-utformning,bronze,N?,ICT,False,True,eng
ICT10,3d-model,3d-modell,bronze,N?,ICT,False,True,eng
ICT11,3d-modeling,3d-modellering,bronze,N?,ICT,False,True,eng
ICT12,3d-printing,3d-skrivare,bronze,N?,ICT,False,True,eng
ICT13,3d-visualization,3d-visualisering,bronze,N?,ICT,False,True,eng
ICT14,3g,3g,bronze,N?,ICT,False,False,both
ICT18,4g,4g,bronze,N?,ICT,False,False,both
ICT33,access control,atkomstkontroll,bronze,N?,ICT,True,False,swe
ICT66,address-centric,adress-centrerad,bronze,N?,ICT,False,True,eng
ICT107,all-ip network,all-ip-nätverk,bronze,N?,ICT,False,True,eng
ICT127,amplitude-shift,amplitud-skift,bronze,N?,ICT,False,True,eng
ICT130,analog front-end,analog framända,bronze,N?,ICT,False,True,eng
ICT134,analysis of experimental data,analys av experimentell data,bronze,N?,ICT,False,True,eng
ICT161,application specific intergrated circuit,tillämpningsspecifik inbygd krets,bronze,N?,ICT,False,True,eng
ICT178,arrival signal and processing,ankomstsignal och bearbetning,bronze,N?,ICT,False,True,eng
ICT184,as-level topology,as-nivå topologi,bronze,N?,ICT,False,True,eng
ACM1381,assistive technologies for persons with disabilities,stödtekniker för personer med funktionshinder,bronze,N?,ACM,False,True,eng
ICT201,atomic shared registers,atomic delade registren,bronze,N?,ICT,True,False,swe
ICT216,authentication and data confidentiality,autentisering och datasekretess,bronze,N?,ICT,False,True,eng
ICT234,automotive telematic systems,fordonstelematiksystem,bronze,N?,ICT,False,False,both
ICT341,b-tree,b-träd,bronze,N?,ICT,False,True,eng
ICT244,back office,back-office,bronze,N?,ICT,True,False,swe
ICT283,best-effort,bäst-insats,bronze,N?,ICT,False,True,eng
ICT297,biopotential measurement system,biopotential mätning systemet,bronze,N?,ICT,False,True,eng
ICT306,bloom filter,bloom-filter,bronze,N?,ICT,True,False,swe
ICT366,business-to-business,b2b-företag,bronze,N?,ICT,False,True,eng
ICT461,c-language,c-språk,bronze,N?,ICT,False,True,eng
ICT389,call-centre,call-center,bronze,N?,ICT,False,False,both
ICT404,card emulation,kortemulering,bronze,N?,ICT,True,False,swe
ICT409,carrier ethernet,operatör ethernet,bronze,N?,ICT,True,False,swe
ICT479,cloud erp,moln erp,bronze,N?,ICT,False,False,both
ICT480,cloud lsa,moln lsa,bronze,N?,ICT,False,False,both
ICT660,co-correlation,sam-korrelation,bronze,N?,ICT,False,True,eng
ICT497,collaborative filtering,collaborative filtrerings,bronze,N?,ICT,True,False,swe
ICT512,commercial activity,kommersiellverksamhet,bronze,N?,ICT,True,False,swe
ACM1117,computational geometry and object modeling,datorgeometri och objektmodellering,bronze,N?,ACM,False,True,eng
ACM1357,computer and information science education,utbildning i data- och informationsvetenskap,bronze,N?,ACM,False,True,eng
ICT557,computer-based assessments and input of mathematical expressions,digitala bedömningar och inmatning av matematiska uttryck,bronze,N?,ICT,False,True,eng
ICT579,conjugate heat transfer,konjugat värmeöverföring,bronze,N?,ICT,True,False,swe
ICT603,contactless payment,kontaktlös betalning,bronze,N?,ICT,False,True,eng
ICT607,content caching,innehålls-cachelagring,bronze,N?,ICT,True,False,swe
ICT616,context aware services,kontextmedvetna tjänster,bronze,N?,ICT,True,False,swe
ICT621,context meta-data,kontextuell metadata,bronze,N?,ICT,False,True,eng
ICT622,context-aware application,kontextmedveten applikation,bronze,N?,ICT,False,False,both
ICT624,context-aware services,kontextmedvetna tjänster,bronze,N?,ICT,False,False,both
ICT642,conventional erp system,konventionella affärssystem,bronze,N?,ICT,False,True,eng
ICT658,coordinate-based,coordinat-baserad,bronze,N?,ICT,False,False,both
ICT664,corba programming,corba programmering,bronze,N?,ICT,False,False,both
ICT666,core-shell,kärna-skal,bronze,N?,ICT,False,True,eng
ICT667,corner-cube,hörn-kub,bronze,N?,ICT,False,True,eng
ICT682,counter- improvised explosive device,kontra-ied,bronze,N?,ICT,False,False,both
ICT686,county-level,län-nivå,bronze,N?,ICT,False,True,eng
ICT702,cross-border planning,gränsöverskridande planering,bronze,N?,ICT,False,True,eng
ICT704,cross-layer optimization,kors-nivå optimering,bronze,N?,ICT,False,True,eng
ICT734,dab network,dab-nät,bronze,N?,ICT,True,False,swe
ICT735,dab server,dab-server,bronze,N?,ICT,True,False,swe
ICT757,datagram transport layer security,datagram transportlagersäkerhet,bronze,N?,ICT,False,True,eng
ICT787,degrees of freedom,frihetsgrader,bronze,N?,ICT,False,True,eng
ICT802,denial of service,överbelastningsattack,bronze,N?,ICT,False,True,eng
ICT823,design of experiments,mönstret av experiment,bronze,N?,ICT,False,True,eng
ICT857,digital audio broadcasting,dab-sändningar,bronze,N?,ICT,True,False,swe
ICT864,digital video broadcasting - terrestrial,marksänd digital-tv,bronze,N?,ICT,False,True,eng
ICT866,dimensional speed,dimensionell hastighet,bronze,N?,ICT,True,False,swe
ICT901,distributed context aware networks,distribuerade kontextmedvetna nät,bronze,N?,ICT,True,False,swe
ICT903,distributed hash table,distribuerad hashtabell,bronze,N?,ICT,True,False,swe
ICT920,domain-flux,domän-flux,bronze,N?,ICT,False,True,eng
ICT947,dynamic reconfiguration,dynamisk omkonfigurering,bronze,N?,ICT,False,True,eng
ICT953,e-book,e-bok,bronze,N?,ICT,False,True,eng
ICT954,e-business,e-handel,bronze,N?,ICT,False,True,eng
ICT975,e-government,e-förvaltning,bronze,N?,ICT,False,True,eng
ICT982,e-learning,e-lärande,bronze,N?,ICT,False,True,eng
ICT1018,emv security,emv-säkerhet,bronze,N?,ICT,False,False,both
ICT1031,end-to-end delay,end-to-end-fördröjning,bronze,N?,ICT,True,False,swe
ICT1033,energy and power networks,energi och elnät,bronze,N?,ICT,False,True,eng
ICT1080,epitaxial lateral growth,epitaxiella laterala tillväxten,bronze,N?,ICT,False,False,both
ICT1095,ethernet energy harvesting,ethernet energi skörd,bronze,N?,ICT,True,False,swe
ICT1096,ethernet power,ethernet ström,bronze,N?,ICT,True,False,swe
ICT1128,expenditure of time,tidsåtgång,bronze,N?,ICT,False,True,eng
ACM1034,expert system tools and techniques,verktyg och tekniker för expertsystem,bronze,N?,ACM,False,True,eng
ICT1159,facilities-based,faciliteter-baserade,bronze,N?,ICT,False,True,eng
ICT1178,fault detection and localization,fel upptäckt och lokalisering,bronze,N?,ICT,False,True,eng
ICT1201,field programmable gate array,på-plats-programmerbar grindmatris,bronze,N?,ICT,False,True,eng
ICT1216,financial sector,finansiella sectorn,bronze,N?,ICT,True,False,swe
ICT1229,firmware update over the air,firmwareuppgradering via luften,bronze,N?,ICT,False,False,both
ICT1273,free-time,fri-tid,bronze,N?,ICT,False,True,eng
ICT1276,freedom with responsibility,frihet under ansvar,bronze,N?,ICT,False,True,eng
ICT1298,fuzzy c-means,fuzzy c-medel,bronze,N?,ICT,False,False,both
ICT1299,fuzzy support vector machine,fuzzy stödvektormaskin,bronze,N?,ICT,True,False,swe
ICT1306,gaussian smoothing,gaussian utjämning,bronze,N?,ICT,True,False,swe
ICT1322,geo-distribution,geo-fördelning,bronze,N?,ICT,False,True,eng
ICT1324,geographic ad hoc routing,geografiska ad hoc routing,bronze,N?,ICT,False,False,both
ICT1354,gps receiver,gps-mottagare,bronze,N?,ICT,True,False,swe
ACM1055,graph and tree search strategies,strategier för grafsökning och trädsökning,bronze,N?,ACM,False,True,eng
ICT1361,graphene field effect transistor,grafen fälteffekttransistor,bronze,N?,ICT,False,True,eng
ICT1377,gtp-u tunneling,gtp-u tunnel,bronze,N?,ICT,False,False,both
ICT1381,gui design,gui-design,bronze,N?,ICT,True,False,swe
ICT1395,handset-based,lur-baserade,bronze,N?,ICT,False,True,eng
ICT1400,haptic forces,haptiska krafter,bronze,N?,ICT,True,False,swe
ICT1406,hardware-software cooperating,hårdvara-mjukvara samarbetar,bronze,N?,ICT,False,True,eng
ICT1409,hdfs orchestration,hdfs orkestrering,bronze,N?,ICT,False,False,both
ICT1415,health-care applications,sjukvårdsapplikationer,bronze,N?,ICT,False,True,eng
ICT1426,heterogeneous peer-to-peer networks,heterogena peer-to-peer-nätverk,bronze,N?,ICT,False,False,both
ICT1435,high abstraction-level models,hög abstraktionsnivå modeller,bronze,N?,ICT,False,True,eng
ICT1441,high-fi prototype,hifi-prototyp,bronze,N?,ICT,False,False,both
ICT1446,high-tier,hög-tier,bronze,N?,ICT,False,False,both
ICT1459,home router,hemroutrar,bronze,N?,ICT,True,False,swe
ICT1476,http proxy,http-proxy,bronze,N?,ICT,True,False,swe
ICT1477,http stream,http-ström,bronze,N?,ICT,True,False,swe
ICT1478,http-server,http-server,bronze,N?,ICT,False,False,both
ICT1485,human-computer interaction,människa-datorinteraktion,bronze,N?,ICT,False,True,eng
ICT1497,ict empowerment,ikt egenmakt,bronze,N?,ICT,False,False,both
ICT1498,ict training,it-utbildning,bronze,N?,ICT,False,False,both
ICT1507,iii-v compound semiconductor,iii-v halvledar,bronze,N?,ICT,False,False,both
ACM1145,image processing and computer vision,bildbehandling och datorseende,bronze,N?,ACM,False,True,eng
ICT1525,impulse radio ultra wide-band,impuls radio extremt bredbandiga,bronze,N?,ICT,False,False,both
ICT1576,in-order,i-ordning,bronze,N?,ICT,False,True,eng
ICT1548,indoor hotspot,inomhus hotspot,bronze,N?,ICT,True,False,swe
ICT1567,information-centric networking,informations-centrerad nätverk,bronze,N?,ICT,False,True,eng
ICT1602,integrator leakage,integrator läckage,bronze,N?,ICT,True,False,swe
ICT1611,inter-,inter-,bronze,N?,ICT,False,True,eng
ICT1625,inter-isp traffic,inter-isp trafik,bronze,N?,ICT,False,False,both
ICT1622,interface to the router system,gränssnitt till routern systemet,bronze,N?,ICT,False,False,both
ICT1631,internet connectivity,internet-anslutning,bronze,N?,ICT,True,False,swe
ICT1632,internet of things,sakernas internet,bronze,N?,ICT,False,False,both
ICT1634,internet service provider,internetleverantör,bronze,N?,ICT,True,False,swe
ICT1654,inverse microemulsion,invers mikroemulsion,bronze,N?,ICT,False,True,eng
ICT1665,ip security,ip-säkerhet,bronze,N?,ICT,True,False,swe
ICT1666,ip security,ip-säkerhet,bronze,N?,ICT,True,False,swe
ICT1667,ip telephony,ip-telefoni,bronze,N?,ICT,True,False,swe
ICT1672,ipv6 security,ipv6-säkerhet,bronze,N?,ICT,False,False,both
ICT1675,isp competition,isp konkurrens,bronze,N?,ICT,False,False,both
ICT1676,isp friendly,isp vänlig,bronze,N?,ICT,False,False,both
ICT1678,it outsourcing,it-outsourcing,bronze,N?,ICT,True,False,swe
ICT1679,it security,it säkerhet,bronze,N?,ICT,True,False,swe
ICT1680,it system,it-system,bronze,N?,ICT,True,False,swe
ICT1686,java persistence api,java persistens api,bronze,N?,ICT,False,False,both
ICT1696,kernel mode,kernel-läge,bronze,N?,ICT,True,False,swe
ICT1705,keyboard acoustic emanations,tangentbord akustiska emana,bronze,N?,ICT,True,False,swe
ACM1024,knowledge representation formalisms and methods,kunskapsrepresentationens formalismer och metoder,bronze,N?,ACM,False,True,eng
ICT1747,leaky-bucket,läckande-hink,bronze,N?,ICT,False,True,eng
ICT1784,linear-feedback shift register,linjär-återkopplat skiftregister,bronze,N?,ICT,False,True,eng
ICT1788,link-state update policy,länk-stat uppdatering policy,bronze,N?,ICT,False,True,eng
ICT1795,liturgical year app,kyrkoårsapp,bronze,N?,ICT,False,False,both
ICT1811,location-based application,platsbaserade programmet,bronze,N?,ICT,False,True,eng
ACM611,logics and meanings of programs,logik och innebörd hos program,bronze,N?,ACM,False,True,eng
ICT1840,low-fi prototype,låg-fidelity prototyp,bronze,N?,ICT,False,False,both
ICT1838,low-tier,låg-tier,bronze,N?,ICT,False,False,both
ICT1899,m-commerce,m-handel,bronze,N?,ICT,False,True,eng
ICT1859,majority based quorum technique,majoritet baserad kvorum teknik,bronze,N?,ICT,True,False,swe
ACM1412,management of computing and information systems,styrning av databehandling och informationssystem,bronze,N?,ACM,False,True,eng
ICT1866,managements of demands,kravhantering,bronze,N?,ICT,False,True,eng
ICT1873,many-core systems,flerkärnig system,bronze,N?,ICT,False,True,eng
ICT1910,media transcoding,media omkodning,bronze,N?,ICT,False,True,eng
ICT1924,merits and demerits,fördelar och nackdelar,bronze,N?,ICT,False,True,eng
ICT1933,meta-modeling,meta-modellering,bronze,N?,ICT,False,True,eng
ICT1941,microcellular-packet-switching,mikrocellulärt-paketförmedling,bronze,N?,ICT,False,True,eng
ICT1958,million instructions per second,miljoner instruktioner per sekund,bronze,N?,ICT,False,True,eng
ICT1970,mobile ad hoc networks,mobila ad hoc-nätverk,bronze,N?,ICT,False,False,both
ICT1979,mobile browsers,mobila webbläsare,bronze,N?,ICT,True,False,swe
ICT1992,mobile internet,mobilt internet,bronze,N?,ICT,True,False,swe
ICT1993,mobile ip,mobil ip,bronze,N?,ICT,True,False,swe
ICT1995,mobile ipv6,mobil ipv6,bronze,N?,ICT,False,False,both
ICT1997,mobile multi-hop ad hoc networks,mobil multi-hop ad hoc-nätverk,bronze,N?,ICT,False,False,both
ICT2004,mobile pki,mobil pki,bronze,N?,ICT,False,False,both
ICT2006,mobile point of sale,mobile-pos,bronze,N?,ICT,False,True,eng
ICT2009,mobile switching center server,msc-server,bronze,N?,ICT,True,False,swe
ICT2015,mobile vpn,mobil vpn,bronze,N?,ICT,False,False,both
ICT2016,mobile web,mobila webben,bronze,N?,ICT,True,False,swe
ICT2018,mobile web applications,mobila webbapplikationer,bronze,N?,ICT,True,False,swe
ICT2023,model-based testing,modellbaserad testning,bronze,N?,ICT,False,True,eng
ICT2024,model-driven architecture,modelldriven arkitektur,bronze,N?,ICT,False,True,eng
ACM1072,modeling and recovery of physical attributes,modellering och återskapande av fysiska attribut,bronze,N?,ACM,False,True,eng
ICT2040,mouse cursor,muspekaren,bronze,N?,ICT,True,False,swe
ICT2045,multi-application,multi-applikation,bronze,N?,ICT,False,True,eng
ICT2051,multi-core architecture,flerkärnig-arkitektur,bronze,N?,ICT,False,True,eng
ICT2052,multi-domain,multi-domän,bronze,N?,ICT,False,True,eng
ICT2080,multi-region,multi-regionen,bronze,N?,ICT,False,True,eng
ICT2083,multi-target,multi-mål,bronze,N?,ICT,False,True,eng
ICT2086,multi-threaded semantics,flertrådade semantik,bronze,N?,ICT,False,False,both
ICT2067,multipath routing,flervägsdragning,bronze,N?,ICT,False,True,eng
ICT2073,multipoint relays,flerpunkt reläer,bronze,N?,ICT,False,True,eng
ICT2077,multiprotocol label switching with traffic engineering,mpls med trafikteknik,bronze,N?,ICT,False,False,both
ICT2098,native app,nativt app,bronze,N?,ICT,False,False,both
ICT2111,neighbor discovery,neighbor upptäckt,bronze,N?,ICT,True,False,swe
ICT2139,network security and countermeasures,nätsäkerhetsrisker och -åtgärder,bronze,N?,ICT,False,True,eng
ICT2147,networked haptics,nätverks haptiker,bronze,N?,ICT,False,False,both
ICT2149,neuro-fuzzy hybrid model,neuro-fuzzy hybridmodell,bronze,N?,ICT,False,False,both
ICT2163,non-binary,icke-binär,bronze,N?,ICT,False,True,eng
ICT2164,non-binary authentication,icke-binär autentisering,bronze,N?,ICT,False,True,eng
ICT2165,non-call,icke-samtal,bronze,N?,ICT,False,True,eng
ICT2166,non-cellular,icke-cellulär,bronze,N?,ICT,False,True,eng
ICT2167,non-ciphered,icke-chiffrerad,bronze,N?,ICT,False,True,eng
ICT2168,non-coherent energy detector,icke sammanhängande energidetektor,bronze,N?,ICT,False,True,eng
ICT2171,non-employees,icke-anställda,bronze,N?,ICT,False,True,eng
ICT2172,non-geographic,icke-geografiska,bronze,N?,ICT,False,True,eng
ICT2173,non-government,icke-statliga,bronze,N?,ICT,False,True,eng
ICT2174,non-home,icke-hem,bronze,N?,ICT,False,True,eng
ICT2175,non-idealities,icke-idealities,bronze,N?,ICT,False,False,both
ICT2176,non-interfering,icke-störande,bronze,N?,ICT,False,True,eng
ICT2178,non-linear feedback shift register,icke-linjära återkopplingsskiftregistret,bronze,N?,ICT,False,True,eng
ICT2180,non-linear quantization effect,olinjär kvantisering effekt,bronze,N?,ICT,False,False,both
ICT2177,non-local,icke-lokal,bronze,N?,ICT,False,True,eng
ICT2182,non-mobile,icke-mobil,bronze,N?,ICT,False,True,eng
ICT2183,non-parametric model,icke-parametrisk modell,bronze,N?,ICT,False,False,both
ICT2185,non-radio,icke-radio,bronze,N?,ICT,False,True,eng
ICT2186,non-real-time,icke-realtids,bronze,N?,ICT,False,True,eng
ICT2187,non-transparent,icke-transparent,bronze,N?,ICT,False,True,eng
ICT2188,non-urgent,icke-brådskande,bronze,N?,ICT,False,True,eng
ICT2189,non-verbal,icke-verbal,bronze,N?,ICT,False,True,eng
ICT2190,non-voice,icke-röst,bronze,N?,ICT,False,True,eng
ICT2181,nonlinear-tv,ickelinjär-tv,bronze,N?,ICT,False,True,eng
ICT2204,object oriented cad,objektorienterad cad,bronze,N?,ICT,True,False,swe
ICT2206,object-oriented programming,objektorienterad programmering,bronze,N?,ICT,False,True,eng
ICT2207,object-relational mapping,objekt-relationell mappning,bronze,N?,ICT,False,False,both
ICT2210,observing network,observer nätverk,bronze,N?,ICT,True,False,swe
ICT2224,offline physical access control,offline passersystem,bronze,N?,ICT,False,False,both
ICT2244,on-off,på-av,bronze,N?,ICT,False,True,eng
ICT2234,one-call,en-samtal,bronze,N?,ICT,False,True,eng
ICT2235,one-pole,en-polig,bronze,N?,ICT,False,True,eng
ICT2241,online gaming,onlinespel,bronze,N?,ICT,True,False,swe
ICT2242,online social networks,online sociala nätverk,bronze,N?,ICT,True,False,swe
ICT2243,online storage,lagring online,bronze,N?,ICT,True,False,swe
ICT2247,opaque link-state advertisement,ogenomskinlig länk-stat annons,bronze,N?,ICT,False,True,eng
ACM234,open systems interconnection reference model,osi referensmodell,bronze,N?,ACM,True,False,swe
ICT2273,optical microcavities,optiska mikrokaviteter,bronze,N?,ICT,False,True,eng
ICT2275,optical time domain reflectometer,optisk tidsdomänreflektometer,bronze,N?,ICT,True,False,swe
ICT2276,optical time domain reflectometry,optisk tidsdomänen reflektometri,bronze,N?,ICT,False,False,both
ICT2290,orthogonal frequency division multiplexing,ortogonal frekvensdelningsmultiplex,bronze,N?,ICT,False,False,both
ICT2292,orthogonal frequency-division multiplexing,ortogonal frekvensdelningsmultiplex,bronze,N?,ICT,False,False,both
ICT2297,out of band,utanför bandet,bronze,N?,ICT,False,True,eng
ICT2322,p2p churn,p2p kärna,bronze,N?,ICT,False,True,eng
ICT2323,p2p replication protocol,p2p replikeringsprotokoll,bronze,N?,ICT,False,True,eng
ICT2339,paper-prototype,papper-prototyp,bronze,N?,ICT,False,True,eng
ICT2352,partial reconfiguration,partiell omkonfigurering,bronze,N?,ICT,False,True,eng
ICT2362,partnering declaration,partneringdeklaration,bronze,N?,ICT,True,False,swe
ICT2363,partnering team,partneringteam,bronze,N?,ICT,True,False,swe
ICT2383,peer-to-peer,icke-hierarkiskt,bronze,N?,ICT,False,True,eng
ICT2384,peer-to-peer network,icke-hierarkiskt nät,bronze,N?,ICT,False,True,eng
ICT2385,peer-to-peer system,icke-hierarkiskt system,bronze,N?,ICT,False,True,eng
ICT2386,peer-to-peer communication,icke-hierarkiskt kommunikation,bronze,N?,ICT,False,True,eng
ICT2387,peer-to-peer services,icke-hierarkiskt tjänster,bronze,N?,ICT,False,True,eng
ICT2404,per-session,per-sessionen,bronze,N?,ICT,False,True,eng
ICT2413,person-to-machine,person-till-maskin,bronze,N?,ICT,False,True,eng
ICT2420,phase-comparison monopulse,fas-jämförelseenkelpuls,bronze,N?,ICT,False,True,eng
ICT2427,physical downlink control channel,fysisk styrkanal i nedlänk,bronze,N?,ICT,False,True,eng
ICT2435,piezo-electrics,piezo-el,bronze,N?,ICT,False,False,both
ICT2455,playout buffer,uppspelningsbuffert,bronze,N?,ICT,False,True,eng
ICT2458,plug-and-play,anslut-och-spela,bronze,N?,ICT,False,True,eng
ICT2461,point of sale,försäljningsställe,bronze,N?,ICT,False,True,eng
ICT2463,point-to-multipoint,punkt-till-multipunkt,bronze,N?,ICT,False,True,eng
ICT2464,point-to-point protocol,punkt-till-punkt-protokoll,bronze,N?,ICT,False,True,eng
ICT2465,point-to-point tunneling protocol,punkt-till-punkt-tunnlingsprotokoll,bronze,N?,ICT,False,False,both
ICT2499,power over ethernet,strömförsörjning via ethernet,bronze,N?,ICT,True,False,swe
ICT2505,pre-call,pre-samtal,bronze,N?,ICT,False,True,eng
ICT2527,presence service,närvarotjansten,bronze,N?,ICT,True,False,swe
ICT2545,price of internet service,priset på internet-tjänst,bronze,N?,ICT,False,True,eng
ICT2560,probabilistic model,probabilistisk modell,bronze,N?,ICT,True,False,swe
ICT2578,product lifecycle management,produktlivscykelhantering,bronze,N?,ICT,False,True,eng
ICT2587,programmable,programmerbart,bronze,N?,ICT,False,True,eng
ICT2588,programmable logic controller,programmerbart styrsystem,bronze,N?,ICT,False,True,eng
ICT2589,programmable logic controller security,plc säkerhet,bronze,N?,ICT,False,False,both
ICT2623,psychosocial work environment,psykosocial arbetsmiljö,bronze,N?,ICT,False,True,eng
ICT2640,qos benchmarking,tjänstekvalitet jämförande,bronze,N?,ICT,False,True,eng
ICT2641,quad-division,quad-divisionen,bronze,N?,ICT,False,False,both
ICT2645,quality of experince,kvalitet uppleva,bronze,N?,ICT,False,True,eng
ICT2646,quality of service,tjänstekvalitet,bronze,N?,ICT,False,True,eng
ICT2649,quantization step,kvantiseringssteg,bronze,N?,ICT,True,False,swe
ICT2676,radio-frequency identification,radiofrekvensidentifiering,bronze,N?,ICT,False,True,eng
ICT2678,radius authentication,radius-autentisering,bronze,N?,ICT,True,False,swe
ICT2689,rapid-fading,snabb-fädning,bronze,N?,ICT,False,True,eng
ICT2695,rayleigh-distributed,rayleigh-distribuerad,bronze,N?,ICT,False,False,both
ICT2717,re-authentication,re-autentisering,bronze,N?,ICT,False,True,eng
ICT2727,recommender system,rekommendationssystemet,bronze,N?,ICT,False,True,eng
ICT2782,remote heterodyne detection,fjärr heterodyn detektering,bronze,N?,ICT,True,False,swe
ICT2789,rendezvous routing,rendezvous routning,bronze,N?,ICT,True,False,swe
ICT2841,responsive design,följsam webbdesign,bronze,N?,ICT,True,False,swe
ICT2863,rfid pen,rfid penna,bronze,N?,ICT,False,False,both
ICT2864,rfid security model,rfid säkerhetsmodell,bronze,N?,ICT,False,False,both
ICT2867,ringback tones,ringsignaler,bronze,N?,ICT,False,True,eng
ICT2891,rtp redirection,rtp-omdirigering,bronze,N?,ICT,False,False,both
ICT2893,rules and guidelines,regler samt anvisningar,bronze,N?,ICT,False,True,eng
ICT2897,saas adoption,saas antagandet,bronze,N?,ICT,False,False,both
ICT2898,saas user,saas användaren,bronze,N?,ICT,False,False,both
ICT2903,sap community network,sap forumet nätverk,bronze,N?,ICT,True,False,swe
ICT2912,scada networks,scada-nätverk,bronze,N?,ICT,False,False,both
ICT2913,scada security,scada säkerhet,bronze,N?,ICT,False,False,both
ICT2921,scale-space extrema detection,skala-space extrema detektering,bronze,N?,ICT,False,False,both
ICT2945,seamless handover,avbrottsfri handover,bronze,N?,ICT,True,False,swe
ICT2962,secure voip,säkra voip,bronze,N?,ICT,False,False,both
ICT2970,security of embedded devices,säkerheten för inbäddade enheter,bronze,N?,ICT,False,True,eng
ICT3036,service provisioning,tjänsteprovisione,bronze,N?,ICT,True,False,swe
ICT3045,set-top box,set-top-box,bronze,N?,ICT,False,False,both
ICT3090,sim card packaging process,sim-kort förpackningsprocessen,bronze,N?,ICT,False,True,eng
ICT3107,sip service manager,sip servicechef,bronze,N?,ICT,True,False,swe
ICT3121,small and medium sized enterprises,små och medelstora företag,bronze,N?,ICT,False,True,eng
ICT3123,small cell network,småcellig nätet,bronze,N?,ICT,True,False,swe
ICT3124,small cell security,småcellig säkerhet,bronze,N?,ICT,True,False,swe
ICT3128,smart and ip-able tv,smart tv,bronze,N?,ICT,False,True,eng
ICT3129,smart card,smartkort,bronze,N?,ICT,True,False,swe
ICT3130,smart card authentication,smartkort autentisering,bronze,N?,ICT,True,False,swe
ICT3137,smartphone security,smarttelefon säkerhet,bronze,N?,ICT,False,False,both
ICT3138,smartphone-app,smarttelefon-app,bronze,N?,ICT,False,False,both
ICT3145,socio-economic impact,socioekonomiska effekter,bronze,N?,ICT,False,True,eng
ICT3149,soft-output viterbi decoder,mjuk-output viterbi-avkodare,bronze,N?,ICT,False,False,both
ICT3158,software metrics,programvarastatistik,bronze,N?,ICT,True,False,swe
ICT3160,software-defined network,mjukvarudefinierade nätverk,bronze,N?,ICT,False,True,eng
ICT3161,software-defined networking,mjukvarudefinierade nätverk,bronze,N?,ICT,False,True,eng
ICT3175,source routing,källrouting,bronze,N?,ICT,True,False,swe
ICT3211,standards-setting,standarder-inställningen,bronze,N?,ICT,False,True,eng
ICT3221,static wireless ad hoc networks,statiska trådlöst ad hoc-nätverk,bronze,N?,ICT,False,False,both
ICT3247,streaming multimedia,strömmande multimedie,bronze,N?,ICT,True,False,swe
ICT3258,structure of management information,struktur informationshantering,bronze,N?,ICT,False,True,eng
ICT3300,supervisory control and data acquisition,övervakande kontroll och datainsamling,bronze,N?,ICT,False,True,eng
ICT3343,system on chip,systemet på chip,bronze,N?,ICT,True,False,swe
ICT3349,system-on-chip,system-on-a-chip,bronze,N?,ICT,False,False,both
ICT3363,task-based knowledge management framework,uppgiftsbaserad kunskapshantering ramverk,bronze,N?,ICT,False,True,eng
ICT3368,tcp performance,tcp prestanda,bronze,N?,ICT,True,False,swe
ICT3371,tear-down,tår-ner,bronze,N?,ICT,False,True,eng
ICT3410,test-driven development,testdriven utveckling,bronze,N?,ICT,False,True,eng
ICT3432,third party call control,tredjeparti samtalkontrol,bronze,N?,ICT,True,False,swe
ICT3447,time delay of arrival,tidsfördröjning för ankomst,bronze,N?,ICT,False,True,eng
ICT3474,toll-quality,toll-kvalitet,bronze,N?,ICT,False,False,both
ICT3498,traffic measurement,internet trafik,bronze,N?,ICT,True,False,swe
ICT3506,transactional memory,transaktionsminne,bronze,N?,ICT,False,True,eng
ICT3531,triple data encryption standard,triple datakryptering standard,bronze,N?,ICT,True,False,swe
ICT3554,two-level,två-nivå,bronze,N?,ICT,False,True,eng
ICT3556,two-way-paging,tvåvägs-personsökning,bronze,N?,ICT,False,True,eng
ICT3560,ubiquitous computing,ubika datasystem,bronze,N?,ICT,True,False,swe
ICT3562,ultrahigh frequency band,ultrahög frekvensband,bronze,N?,ICT,False,True,eng
ICT3594,universal serial bus modem,usb-modem,bronze,N?,ICT,True,False,swe
ICT3633,user manual,användamanual,bronze,N?,ICT,True,False,swe
ICT3641,user-centered design,användarcentrerad design,bronze,N?,ICT,False,True,eng
ICT3648,uwb impulse radio,uwb impuls radio,bronze,N?,ICT,False,False,both
ICT3667,vector signal transceiver,vektorsignal transceiver,bronze,N?,ICT,False,False,both
ICT3678,vertex buffer object,vertex buffert objektet,bronze,N?,ICT,True,False,swe
ICT3687,video conferencing,videokonferenser,bronze,N?,ICT,False,True,eng
ICT3690,video post-processing,video efterbearbetning,bronze,N?,ICT,False,True,eng
ICT3711,voice and video communication,röst och videokommunikation,bronze,N?,ICT,False,True,eng
ICT3714,voice over ip,röst över ip,bronze,N?,ICT,True,False,swe
ICT3715,voice over wifi,röst över wifi,bronze,N?,ICT,True,False,swe
ICT3712,voice-centric,rösten-centrerad,bronze,N?,ICT,False,True,eng
ICT3718,voip capacity,voip-kapacitet,bronze,N?,ICT,False,False,both
ICT3719,voip over wlan,voip över wlan,bronze,N?,ICT,False,False,both
ICT3726,vpn-policy,vpn-policy,bronze,N?,ICT,False,False,both
ICT3729,waikato environment for knowledge analysis,waikato miljö för kunskapsanalys,bronze,N?,ICT,False,False,both
ICT3740,wavelength division multiplexing,våglängdsmultiplexering,bronze,N?,ICT,False,False,both
ICT3741,wavelength division multiplexing network,våglängdsmultiplexering nät,bronze,N?,ICT,False,False,both
ICT3742,wavelength division multiplexing passive optical network,våglängdsmultiplexering passiva optiska nät,bronze,N?,ICT,False,False,both
ICT3750,web audio api,webb audio api,bronze,N?,ICT,False,False,both
ICT3751,web content mining,webbinnehåll gruv,bronze,N?,ICT,True,False,swe
ICT3752,web ontology language,web ontologi språk,bronze,N?,ICT,True,False,swe
ICT3753,web parsing,webb pars,bronze,N?,ICT,True,False,swe
ICT3754,web part,webbdel,bronze,N?,ICT,True,False,swe
ICT3755,web portal,webbportal,bronze,N?,ICT,True,False,swe
ICT3756,web real-time communications,web realtidskommunikation,bronze,N?,ICT,True,False,swe
ICT3757,web service,webbtjänst,bronze,N?,ICT,True,False,swe
ICT3759,weblogs,bloggar,bronze,N?,ICT,False,False,both
ICT3762,website data extraction,webbplats datautvinning,bronze,N?,ICT,True,False,swe
ICT3774,wideband amplifier sto cmos microwave,bredbands förstärkare sto cmos mikrovågs,bronze,N?,ICT,False,False,both
ICT3775,wideband code division multiplex access,bredbandig koduppdelad multiplex tillgång,bronze,N?,ICT,True,False,swe
ICT3789,wireless backhaul,trådlös stamnät,bronze,N?,ICT,False,True,eng
ICT3795,wireless machine-to-machine,trådlös maskin-till-maskin,bronze,N?,ICT,False,True,eng
ICT3802,wireless positioning,trådlös positionering,bronze,N?,ICT,True,False,swe
ICT3803,wireless reconfigurable networks,trådlösa omkonfigurerbara nätverk,bronze,N?,ICT,False,True,eng
ICT3813,wlan measurements,wlan-mätningar,bronze,N?,ICT,True,False,swe
ICT3814,wlan operator roaming,wlan operatör ströva,bronze,N?,ICT,True,False,swe
ICT3833,worst-case execution time,pessimist exekveringstid,bronze,N?,ICT,False,True,eng
ICT3839,x windowing system,x fönstersystem,bronze,N?,ICT,False,True,eng
ACM1101,antialiasing,antialiasing,silver,N?,ACM,True,False,swe
ACM1070,architecture and control structures,arkitektur och kontrollstrukturer,silver,N?,ACM,False,True,eng
ACM1457,codes of good practice,god sed,silver,N?,ACM,False,True,eng
ACM109,error-checking,felkontroll,silver,N?,ACM,False,True,eng
ACM130,error-checking,felkontroll,silver,N?,ACM,False,True,eng
ACM147,error-checking,felkontroll,silver,N?,ACM,False,True,eng
ACM178,error-checking,felkontroll,silver,N?,ACM,False,True,eng
ACM23,error-checking,felkontroll,silver,N?,ACM,False,True,eng
ACM51,error-checking,felkontroll,silver,N?,ACM,False,True,eng
ACM79,error-checking,felkontroll,silver,N?,ACM,False,True,eng
ACM1089,hardcopy devices,utskriftsenheter,silver,N?,ACM,False,True,eng
ACM14,hardwired control,fast kopplad styrning,silver,N?,ACM,False,True,eng
ACM1440,insurance,försäkringfrågor,silver,N?,ACM,True,False,swe
ACM1445,insurance,försäkringfrågor,silver,N?,ACM,True,False,swe
ACM528,linkers,länkare,silver,N?,ACM,False,False,both
ACM588,machine-independent complexity,maskinoberoende komplexitet,silver,N?,ACM,False,True,eng
ACM29,machine-independent microcode generation,maskinoberoende generering av mikrokod,silver,N?,ACM,False,True,eng
ACM141,memory control and access,minneskontroll och åtkomst,silver,N?,ACM,False,True,eng
ACM1112,meta files,metafiler,silver,N?,ACM,False,True,eng
ACM1020,metatheory,metateori,silver,N?,ACM,False,True,eng
ACM15,microprogrammed logic arrays,mikroprogrammerade logiska matriser,silver,N?,ACM,False,True,eng
ACM429,microprogramming languages,mikroprogrammeringsspråk,silver,N?,ACM,False,True,eng
ACM431,nondeterministic languages,icke-deterministiska språk,silver,N?,ACM,False,True,eng
ACM432,nonprocedural languages,icke-procedurorienterade språk,silver,N?,ACM,False,True,eng
ACM990,nonprocedural languages,icke-procedurorienterade språk,silver,N?,ACM,False,True,eng
ACM560,nonsecret encoding schemes,öppna kodningsscheman,silver,N?,ACM,False,True,eng
ACM1170,pseudoinverse restoration,pseudoinversbaserad restaurering,silver,N?,ACM,False,True,eng
ACM413,rapid prototyping,prototypsystem,silver,N?,ACM,False,True,eng
ACM584,relations among modes,relationer mellan metoder,silver,N?,ACM,False,True,eng
ACM128,reliability and testing,tillförlitlighet och provning,silver,N?,ACM,False,True,eng
ACM145,reliability and testing,tillförlitlighet och provning,silver,N?,ACM,False,True,eng
ACM176,reliability and testing,tillförlitlighet och provning,silver,N?,ACM,False,True,eng
ACM70,sequential-access memory,sekventiellt minne,silver,N?,ACM,False,True,eng
ACM1165,sharpening and deblurring,skärpa och suddighet,silver,N?,ACM,False,True,eng
ACM37,special-purpose,specialändamål,silver,N?,ACM,False,True,eng
ACM992,special-purpose hardware,specialinriktad maskinvara,silver,N?,ACM,False,True,eng
ACM224,stack-oriented processors,stackorienterade processorer,silver,N?,ACM,False,True,eng
ACM485,swapping,svappning,silver,N?,ACM,True,False,swe
ACM133,testability,testbarhet,silver,N?,ACM,False,True,eng
ACM150,testability,testbarhet,silver,N?,ACM,False,True,eng
ACM181,testability,testbarhet,silver,N?,ACM,False,True,eng
ACM335,top-down programming,top-down-programmering,silver,N?,ACM,True,False,swe
ACM1240,types of simulation,simuleringstyper,silver,N?,ACM,False,True,eng
ACM204,von neumann architectures,von neumann-arkitekturer,silver,N?,ACM,False,False,both
ACM105,worst-case analysis,worst case-analys,silver,N?,ACM,False,False,both
ACM48,worst-case analysis,worst case-analys,silver,N?,ACM,False,False,both
ACM76,worst-case analysis,worst case-analys,silver,N?,ACM,False,False,both
ACM16,writable control store,skrivbart styrminne,silver,N?,ACM,False,True,eng
ACM579,alternation and nondeterminism,växling och icke-determinism,silver,N?,ACM,False,True,eng
ACM986,analysis of algorithms,analys av algoritmer,silver,N?,ACM,False,True,eng
ACM39,arithmetic and logic structures,aritmetiska och logiska strukturer,silver,N?,ACM,False,True,eng
ACM117,arithmetic and logic units,aritmetiska och logiska enheter,silver,N?,ACM,False,True,eng
ACM1316,arts and humanities,konst och humaniora,silver,N?,ACM,False,True,eng
ACM1009,automatic analysis of algorithms,automatisk analys av algoritmer,silver,N?,ACM,False,True,eng
ACM1309,biology and genetics,biologi och genetik,silver,N?,ACM,False,True,eng
ACM1102,bitmap and framebuffer operations,bitmapps- och rambuffertoperationer,silver,N?,ACM,False,True,eng
ACM66,cache memories,cacheminnen,silver,N?,ACM,True,False,swe
ACM90,channels and controllers,kanaler och kontrollenheter,silver,N?,ACM,False,True,eng
ACM239,circuit-switching networks,kretskopplade nät,silver,N?,ACM,False,True,eng
ACM438,classes and objects,klasser och objekt,silver,N?,ACM,False,True,eng
ACM356,code inspections and walk-throughs,kodgranskningar och genomgångar,silver,N?,ACM,False,True,eng
ACM1453,codes of ethics,etiska regler,silver,N?,ACM,False,True,eng
ACM1454,codes of good practice,god sed,silver,N?,ACM,False,True,eng
ACM556,coding and information theory,kodning och informationsteori,silver,N?,ACM,False,True,eng
ACM337,coding tools and techniques,kodningsverktyg och kodningstekniker,silver,N?,ACM,False,True,eng
ACM1080,coherence and coordination,koherens och koordination,silver,N?,ACM,False,True,eng
ACM1329,command and control,stridsledning,silver,N?,ACM,False,True,eng
ACM527,command and control languages,kommandospråk och styrspråk,silver,N?,ACM,False,True,eng
ACM1061,commercial robots and applications,kommersiella robotar och tillämpningar,silver,N?,ACM,False,True,eng
ACM586,complexity measures and classes,komplexitetsmått och komplexitetsklasser,silver,N?,ACM,False,True,eng
ACM602,complexity of proof procedures,komplexitet hos bevisprocedurer,silver,N?,ACM,False,True,eng
ACM599,computations on polynomials,beräkningar av polynomer,silver,N?,ACM,True,False,swe
ACM1326,computer-aided design,datorstödd konstruktion,silver,N?,ACM,False,True,eng
ACM1327,computer-aided manufacturing,datorstödd tillverkning,silver,N?,ACM,False,True,eng
ACM324,computer-aided software engineering,datorstödd programkonstruktion,silver,N?,ACM,False,True,eng
ACM231,computer-communication networks,datakommunikationsnät,silver,N?,ACM,False,True,eng
ACM1371,computer-related health issues,datorrelaterade hälsofrågor,silver,N?,ACM,False,True,eng
ACM1386,computer-supported collaborative work,datorstött samarbete,silver,N?,ACM,False,True,eng
ACM1350,computers and education,datorer och utbildning,silver,N?,ACM,False,True,eng
ACM1367,computers and society,datorer och samhälle,silver,N?,ACM,False,True,eng
ACM1038,connectionism and neural nets,konnektionism och neuronnät,silver,N?,ACM,False,False,both
ACM424,constraint and logic languages,bundna språk och logikspråk,silver,N?,ACM,False,True,eng
ACM11,control structures and microprogramming,kontrollstrukturer och mikroprogrammering,silver,N?,ACM,False,True,eng
ACM557,data compaction and compression,datakomprimering,silver,N?,ACM,False,True,eng
ACM405,data mapping,datamappning,silver,N?,ACM,True,False,swe
ACM91,data terminals and printers,dataterminaler och skrivare,silver,N?,ACM,False,True,eng
ACM443,data types and structures,datatyper och strukturer,silver,N?,ACM,False,True,eng
ACM219,data-flow architectures,dataflödesarkitekturer,silver,N?,ACM,False,True,eng
ACM425,data-flow languages,dataflödesspråk,silver,N?,ACM,False,True,eng
ACM1014,deduction and theorem proving,deduktion och teorembevisning,silver,N?,ACM,False,True,eng
ACM622,denotational semantics,denotationssemantik,silver,N?,ACM,False,True,eng
ACM323,design tools and techniques,designverktyg och designtekniker,silver,N?,ACM,False,True,eng
ACM1149,digitization and image capture,digitalisering och bildfångst,silver,N?,ACM,False,True,eng
ACM1103,digitizing and scanning,digitalisering och bildinläsning,silver,N?,ACM,False,True,eng
ACM400,domain-specific architectures,domänspecifika arkitekturer,silver,N?,ACM,False,True,eng
ACM1303,earth and atmospheric sciences,geovetenskap och atmosfärsvetenskap,silver,N?,ACM,False,True,eng
ACM1177,edge and feature detection,kantdetektering och särdragsdetektering,silver,N?,ACM,False,True,eng
ACM,engelsk rubrik,svensk rubrik,silver,N?,ACM,False,True,eng
ACM361,error handling and recovery,felhantering och återstart,silver,N?,ACM,False,True,eng
ACM326,evolutionary prototyping,stegvisa prototypsystem,silver,N?,ACM,False,True,eng
ACM559,formal models of communication,formella kommunikationsmodeller,silver,N?,ACM,False,True,eng
ACM1269,format and notation,format och teckensystem,silver,N?,ACM,False,True,eng
ACM241,frame relay networks,frame relay-nät,silver,N?,ACM,True,False,swe
ACM1025,frames and scripts,ramar och manuskript,silver,N?,ACM,False,True,eng
ACM604,geometrical problems and computations,geometriska problem och beräkningar,silver,N?,ACM,False,True,eng
ACM1110,graphics editors,grafiska editorer,silver,N?,ACM,True,False,swe
ACM539,graphs and networks,grafer och nät,silver,N?,ACM,False,True,eng
ACM1163,grayscale manipulation,gråskalehantering,silver,N?,ACM,False,True,eng
ACM547,hash-table representations,hashtabell-representationer,silver,N?,ACM,False,False,both
ACM1122,hierarchy and geometric transformations,hierarki och geometriska transformationer,silver,N?,ACM,False,True,eng
ACM1344,history of computing,databehandlingens historia,silver,N?,ACM,False,True,eng
ACM457,incremental compilers,inkrementella kompilatorer,silver,N?,ACM,True,False,swe
ACM1017,inference engines,inferensmotorer,silver,N?,ACM,True,False,swe
ACM580,interactive and reactive computation,interaktiv och reaktiv databehandling,silver,N?,ACM,False,True,eng
ACM6,introductory and survey,introduktion och överblick,silver,N?,ACM,False,True,eng
ACM242,isdn,isdn,silver,N?,ACM,False,False,both
ACM1169,kalman filtering,kalmanfiltrering,silver,N?,ACM,False,True,eng
ACM1062,kinematics and dynamics,kinematik och dynamik,silver,N?,ACM,False,False,both
ACM1047,language parsing and understanding,språkparsning och språkförståelse,silver,N?,ACM,False,False,both
ACM28,languages and compilers,språk och kompilatorer,silver,N?,ACM,False,True,eng
ACM1082,languages and structures,språk och strukturer,silver,N?,ACM,False,True,eng
ACM1272,languages and systems,språk och system,silver,N?,ACM,False,True,eng
ACM1397,legal aspects of computing,rättsliga aspekter på databehandling,silver,N?,ACM,False,True,eng
ACM1308,life and medical sciences,biologi och medicin,silver,N?,ACM,False,True,eng
ACM616,logics of programs,logik hos program,silver,N?,ACM,False,True,eng
ACM428,macro and assembly languages,makrospråk och assemblerspråk,silver,N?,ACM,False,False,both
ACM1306,mathematics and statistics,matematik och statistik,silver,N?,ACM,False,True,eng
ACM1005,medicine and science,medicin och naturvetenskap,silver,N?,ACM,False,True,eng
ACM1127,methodology and techniques,metoder och tekniker,silver,N?,ACM,False,True,eng
ACM167,microprocessors and microcomputers,mikroprocessorer och mikrodatorer,silver,N?,ACM,False,True,eng
ACM1243,model validation and analysis,modellvalidering och analys,silver,N?,ACM,False,True,eng
ACM520,modeling and prediction,modellering och förutsägelse,silver,N?,ACM,False,True,eng
ACM194,modeling of computer architecture,modellering av datorarkitektur,silver,N?,ACM,False,True,eng
ACM571,models of computation,modeller för databehandling,silver,N?,ACM,False,True,eng
ACM578,modes of computation,databehandlingsmetoder,silver,N?,ACM,False,True,eng
ACM328,modules and interfaces,moduler och gränssnitt,silver,N?,ACM,False,True,eng
ACM1256,monte carlo,monte carlo,silver,N?,ACM,False,False,both
ACM1083,multiagent systems,multiagentsystem,silver,N?,ACM,False,True,eng
ACM236,network architecture and design,nätarkitektur och design,silver,N?,ACM,False,True,eng
ACM987,nonalgebraic algorithms,icke-algebraiska algoritmer,silver,N?,ACM,False,True,eng
ACM433,object-oriented languages,objektorienterade språk,silver,N?,ACM,False,True,eng
ACM310,object-oriented programming,objektorienterad programmering,silver,N?,ACM,False,True,eng
ACM338,object-oriented programming,objektorienterad programmering,silver,N?,ACM,False,True,eng
ACM581,online computation,databehandling online,silver,N?,ACM,True,False,swe
ACM512,organization and design,organisation och design,silver,N?,ACM,False,True,eng
ACM245,packet-switching networks,paketförmedlade nät,silver,N?,ACM,False,True,eng
ACM582,parallelism and concurrency,parallellism och samtidighet,silver,N?,ACM,False,True,eng
ACM1074,perceptual reasoning,perceptuellt resonerande,silver,N?,ACM,True,False,swe
ACM183,performance and reliability,prestanda och tillförlitlighet,silver,N?,ACM,False,True,eng
ACM279,performance of systems,prestanda för system,silver,N?,ACM,False,True,eng
ACM330,petri nets,petrinät,silver,N?,ACM,False,False,both
ACM1298,physical sciences and engineering,naturvetenskap och teknik,silver,N?,ACM,False,True,eng
ACM1178,pixel classification,pixelklassificering,silver,N?,ACM,True,False,swe
ACM1428,pricing and resource allocation,prissättning och resursallokering,silver,N?,ACM,False,True,eng
ACM583,probabilistic computation,probabilistisk databehandling,silver,N?,ACM,True,False,swe
ACM340,program editors,programeditorer,silver,N?,ACM,True,False,swe
ACM1033,programming languages and software,programspråk och program,silver,N?,ACM,False,True,eng
ACM1415,project and people management,projektstyrning och personaladministration,silver,N?,ACM,False,True,eng
ACM554,public key cryptosystems,kryptosystem med öppna nycklar,silver,N?,ACM,False,True,eng
ACM1139,radiosity,strålning,silver,N?,ACM,False,True,eng
ACM62,read-only memory,läsminne,silver,N?,ACM,False,True,eng
ACM276,real-time and embedded systems,realtidssystem och inbyggda system,silver,N?,ACM,False,True,eng
ACM589,reducibility and completeness,reducerbarhet och fullständighet,silver,N?,ACM,False,True,eng
ACM590,relations among complexity classes,relationer mellan komplexitetsklasser,silver,N?,ACM,False,True,eng
ACM591,relations among complexity measures,relationer mellan komplexitetsmått,silver,N?,ACM,False,True,eng
ACM791,reliability and life testing,tillförlitlighet,silver,N?,ACM,False,True,eng
ACM806,reliability and robustness,tillförlitlighet och robusthet,silver,N?,ACM,False,True,eng
ACM463,retargetable compilers,omriktningsbara kompilatorer,silver,N?,ACM,False,True,eng
ACM606,routing and layout,routning och layout,silver,N?,ACM,False,False,both
ACM252,routing protocols,routingprotokoll,silver,N?,ACM,True,False,swe
ACM464,run-time environments,run-timemiljöer,silver,N?,ACM,True,False,swe
ACM1276,scripting languages,skriptspråk,silver,N?,ACM,True,False,swe
ACM504,security and protection,säkerhet och skydd,silver,N?,ACM,False,True,eng
ACM620,semantics of programming languages,semantik hos programspråk,silver,N?,ACM,False,True,eng
ACM607,sequencing and scheduling,sekvensering och schemaläggning,silver,N?,ACM,False,False,both
ACM983,simplification of expressions,förenkling av uttryck,silver,N?,ACM,False,True,eng
ACM1235,simulation and modeling,simulering och modellering,silver,N?,ACM,False,True,eng
ACM1186,size and shape,storlek och form,silver,N?,ACM,False,True,eng
ACM1312,social and behavioral sciences,socialvetenskap och beteendevetenskap,silver,N?,ACM,False,True,eng
ACM608,sorting and searching,sortering och sökning,silver,N?,ACM,False,True,eng
ACM991,special-purpose algebraic systems,specialinriktade algebraiska system,silver,N?,ACM,False,True,eng
ACM1049,speech recognition and synthesis,taligenkänning och talsyntes,silver,N?,ACM,False,True,eng
ACM979,symbolic and algebraic manipulation,symbolisk och algebraisk manipulering,silver,N?,ACM,False,True,eng
ACM1420,systems analysis and design,systemanalys och systemkonstruktion,silver,N?,ACM,False,True,eng
ACM526,systems programs and utilities,systemprogram och nyttoprogram,silver,N?,ACM,False,True,eng
ACM355,testing and debugging,testning och avlusning,silver,N?,ACM,False,True,eng
ACM1339,the computer industry,datorindustrin,silver,N?,ACM,False,True,eng
ACM1447,the computing profession,databehandling som yrke,silver,N?,ACM,False,True,eng
ACM1134,three-dimensional graphics and realism,tredimensionell grafik och realism,silver,N?,ACM,False,True,eng
ACM1200,time-varying imagery,tidsvarierande bildframställning,silver,N?,ACM,False,True,eng
ACM344,top-down programming,top-down-programmering,silver,N?,ACM,True,False,swe
ACM1377,transborder data flow,gränsöverskridande dataflöde,silver,N?,ACM,False,True,eng
ACM161,types and design styles,typer och designmodeller,silver,N?,ACM,False,True,eng
ACM1249,types of simulation,simuleringstyper,silver,N?,ACM,False,True,eng
ACM169,vlsi,vlsi,silver,N?,ACM,False,False,both
ACM296,vlsi systems,vlsi-system,silver,N?,ACM,False,False,both
ACM530,window managers,fönsterhanterare,silver,N?,ACM,True,False,swe
ICT157,application-level,applikationsnivå,silver,N?,ICT,False,True,eng
ICT160,application-specific,applikationsspecifika,silver,N?,ICT,False,True,eng
ICT176,array,array,silver,N?,ICT,True,False,swe
ICT208,attribute-value,attributvärde,silver,N?,ICT,False,True,eng
ICT222,auto-correlation,autokorrelations,silver,N?,ICT,False,True,eng
ICT265,battery-operated,batteridriven,silver,N?,ICT,False,True,eng
ICT392,campus,campus,silver,N?,ICT,True,False,swe
ICT448,chipset,kretsuppsättning,silver,N?,ICT,False,True,eng
ICT447,chip,chip,silver,N?,ICT,True,False,swe
ICT453,circuit-switched,kretskopplat,silver,N?,ICT,False,True,eng
ICT459,city-wide,stadsomfattande,silver,N?,ICT,False,True,eng
ICT502,co-located,samlokaliserade,silver,N?,ICT,False,True,eng
ICT661,co-precipitation,samutfällning,silver,N?,ICT,False,True,eng
ICT625,context-dependency,kontextberoende,silver,N?,ICT,False,False,both
ICT677,cost-saving,kostnadsbesparande,silver,N?,ICT,False,True,eng
ICT701,cross-border,gränsöverskridande,silver,N?,ICT,False,True,eng
ICT746,data-processing,databehandling,silver,N?,ICT,False,True,eng
ICT976,e-health,ehälsa,silver,N?,ICT,False,False,both
ICT955,eco-driving,ekokörning,silver,N?,ICT,False,True,eng
ICT1034,energy-conserving,energibesparande,silver,N?,ICT,False,True,eng
ICT1045,energy-efficient,energieffektiv,silver,N?,ICT,False,True,eng
ICT1106,event-driven,händelsestyrd,silver,N?,ICT,False,True,eng
ACM502,fault-tolerance,feltolerans,silver,N?,ACM,False,True,eng
ICT1262,four-legged,fyrbent,silver,N?,ICT,False,True,eng
ICT1271,free-running,frigång,silver,N?,ICT,False,True,eng
ICT1285,front-end,framända,silver,N?,ICT,False,True,eng
ICT1391,handler,hanterare,silver,N?,ICT,True,False,swe
ICT1396,hands-free,handsfree,silver,N?,ICT,False,False,both
ICT1765,license-exempt,licensbefriad,silver,N?,ICT,False,True,eng
ICT1835,low-pass,lågpassfilter,silver,N?,ICT,False,True,eng
ICT1872,manufacturer,tillverkaretillverkarna,silver,N?,ICT,True,False,swe
ICT2055,multi-layer,flerskiktiga,silver,N?,ICT,False,True,eng
ICT2066,multi-party,flerparti,silver,N?,ICT,False,True,eng
ICT2075,multi-project,multiprojekt,silver,N?,ICT,False,True,eng
ICT2079,multi-purpose,multisyften,silver,N?,ICT,False,True,eng
ICT2081,multi-sensory,multisensorisk,silver,N?,ICT,False,True,eng
ICT2082,multi-slot,flerlucks,silver,N?,ICT,False,False,both
ICT2145,network-aware,nätverksmedvetet,silver,N?,ICT,False,True,eng
ICT2118,network-based,nätverksbaserat,silver,N?,ICT,False,True,eng
ICT2326,packet-based,paketbaserat,silver,N?,ICT,False,True,eng
ICT2394,performance-enhancing,prestationshöjande,silver,N?,ICT,False,True,eng
ICT2481,port-based,portbaserad,silver,N?,ICT,False,True,eng
ICT2497,power-down,avstängnings,silver,N?,ICT,False,True,eng
ICT2501,power-save,energispar,silver,N?,ICT,False,True,eng
ICT2511,pre-commercial,förkommersiell,silver,N?,ICT,False,True,eng
ICT2521,pre-planning,förprojektering,silver,N?,ICT,False,True,eng
ICT2565,problem-solving,problemlösning,silver,N?,ICT,False,True,eng
ICT2651,quasi-static,kvasistatiska,silver,N?,ICT,False,True,eng
ICT2674,radio-based,radiobaserad,silver,N?,ICT,False,True,eng
ICT2848,re-thinking,omprövning,silver,N?,ICT,False,True,eng
ICT2824,resource-aware,resursmedveten,silver,N?,ICT,False,True,eng
ICT2877,robotic,robotik,silver,N?,ICT,True,False,swe
ICT2886,round-trip,rundresa,silver,N?,ICT,False,True,eng
ICT2982,self-actualization,självförverkligande,silver,N?,ICT,False,True,eng
ACM1363,self-assessment,självutvärdering,silver,N?,ACM,False,True,eng
ICT2985,self-configuring,självkonfigurerande,silver,N?,ICT,False,False,both
ICT2987,self-organizing,självorganiserande,silver,N?,ICT,False,True,eng
ICT2989,self-report,självrapport,silver,N?,ICT,False,True,eng
ICT3003,sensor-based,sensorbaserad,silver,N?,ICT,False,True,eng
ICT3021,server-based,serverbaserad,silver,N?,ICT,False,False,both
ICT3038,service-based,tjänstebaserad,silver,N?,ICT,False,True,eng
ICT3120,slow-start,långsamstarten,silver,N?,ICT,False,True,eng
ICT3382,technology-based,teknikbaserade,silver,N?,ICT,False,True,eng
ICT3448,time-dependent,tidsberoende,silver,N?,ICT,False,True,eng
ICT3449,time-division,tidsmultiplex,silver,N?,ICT,False,False,both
ICT3564,ultra-wideband,ultrabredbandsteknik,silver,N?,ICT,False,True,eng
ICT3580,uni-directional,enkelriktad,silver,N?,ICT,False,True,eng
ICT3631,user-level,användarnivå,silver,N?,ICT,False,True,eng
ICT3637,user-specific,användarspecifik,silver,N?,ICT,False,True,eng
ICT3653,value-added,mervärde,silver,N?,ICT,False,True,eng
ICT3758,web-browser,webbläsare,silver,N?,ICT,False,False,both
ICT3825,work-groups,arbetsgrupper,silver,N?,ICT,False,True,eng
